Beverly Gray ,South Midlands
Emma Burns ,North Midlands
Gerard Lyons ,North East
Margie Vargas ,London
Alberto Obrien ,South & Wales
Janie Marsh ,North Midlands
Yvette Fletcher ,South & Wales
Cary Collier ,London
Tara Mullins ,North Midlands
Israel Myers ,South Midlands
Lawrence Holland ,North West
Chris Murphy ,North West
Stewart Romero ,North East
Robin Hill ,North West
Ian Miller ,London
Ismael Daniels ,North West
Wilfred Ramsey ,South Midlands
Sidney Lambert ,South Midlands
Mike Aguilar ,North Midlands
Eula Moss ,South & Wales
Megan Griffith ,North East
Charlie Scott ,London
Gordon Ferguson ,London
Sergio Boone ,London
Alison Pope ,North Midlands
Benjamin Lynch ,North East
Kenneth Jacobs ,North East
Teresa Lewis ,South & Wales
Arnold Turner ,London
Brett Fisher ,London
Lena Meyer ,North Midlands
Sabrina Henry ,North East
Kenny Evans ,London
Tonya Anderson ,North West
Harvey Zimmerman ,London
Norman Sandoval ,South & Wales
Leonard Wheeler ,North East
Olive Rowe ,North East
Kristy Ortega ,North West
Glenda Mccarthy ,North East
Sherri Alvarez ,London
Rolando Cohen ,North Midlands
Heidi Washington ,North West
Albert James ,South Midlands
Roland Wallace ,South & Wales
Maxine Valdez ,North West
Craig Vasquez ,North Midlands
Jessica Drake ,South Midlands
Forrest Austin ,North Midlands
Jan Mann ,South & Wales
Nick Bowers ,North East
Jill Edwards ,South Midlands
Marlene Johnson ,North West
Daniel Mitchell ,South Midlands
Elena Gonzalez ,South Midlands
Gina Steele ,North East
Rickey Williams ,North East
Claire Bowen ,North West
Georgia Cruz ,South & Wales
Lora Hughes ,South Midlands
Fannie Lamb ,North Midlands
Carl Osborne ,South & Wales
Manuel Richardson ,North East
Debbie Chandler ,North West
Kent Jimenez ,London
Sheryl Wade ,North East
Homer Howell ,South & Wales
Jerald Long ,London
Becky Wolfe ,North West
Colleen Armstrong ,London
Sonia Morales ,North West
Amos Fleming ,South & Wales
Orville Ruiz ,North Midlands
Erin Marshall ,North West
Charlene Jennings ,South & Wales
Doyle Payne ,South Midlands
Alexandra Weber ,South Midlands
Dan Reyes ,North Midlands
Ella Hines ,South & Wales
Essie Castro ,South Midlands
Lydia Ryan ,North East
Erik Gross ,North Midlands
Lula Green ,London
Larry Keller ,South Midlands
Tommie Martin ,North Midlands
Jared Stevenson ,South Midlands
Shannon Tate ,South & Wales
Philip Hogan ,South & Wales
Boyd Daniel ,North Midlands
Donnie Rose ,North West
Lola Powers ,London
Aubrey Bell ,North East
Bertha Palmer ,North West
Shaun Mason ,South Midlands
Willard Parsons ,North West
