4001N,Beverly Gray 
2001N,Emma Burns 
1022N,Gerard Lyons 
4026N,Margie Vargas 
1020N,Alberto Obrien 
1027N,Janie Marsh 
7012N,Yvette Fletcher 
3041N,Cary Collier 
6024N,Tara Mullins 
1003N,Israel Myers 
5002N,Lawrence Holland 
5004N,Chris Murphy 
6003N,Stewart Romero 
1021N,Robin Hill 
4004N,Ian Miller 
5019N,Ismael Daniels 
1004N,Wilfred Ramsey 
1005N,Sidney Lambert 
1011N,Mike Aguilar 
7001N,Eula Moss 
6015N,Megan Griffith 
4027N,Charlie Scott 
3054N,Gordon Ferguson 
1023N,Sergio Boone 
2015N,Alison Pope 
6029N,Benjamin Lynch 
6028N,Kenneth Jacobs 
4019N,Teresa Lewis 
3008N,Arnold Turner 
4006N,Brett Fisher 
1006N,Lena Meyer 
6004N,Sabrina Henry 
3011N,Kenny Evans 
6043N,Tonya Anderson 
3053N,Harvey Zimmerman 
7018N,Norman Sandoval 
6037N,Leonard Wheeler 
6039N,Olive Rowe 
5021N,Kristy Ortega 
1024N,Glenda Mccarthy 
4029N,Sherri Alvarez 
1008N,Rolando Cohen 
1018N,Heidi Washington 
3040N,Albert James 
7000N,Roland Wallace 
5007N,Maxine Valdez 
1040N,Craig Vasquez 
3013N,Jessica Drake 
6000N,Forrest Austin 
7006N,Jan Mann 
6040N,Nick Bowers 
3048N,Jill Edwards 
5023N,Marlene Johnson 
3036N,Daniel Mitchell 
1010N,Elena Gonzalez 
6006N,Gina Steele 
6023N,Rickey Williams 
5027N,Claire Bowen 
7017N,Georgia Cruz 
1041N,Lora Hughes 
1032N,Fannie Lamb 
2008N,Carl Osborne 
6034N,Manuel Richardson 
5011N,Debbie Chandler 
3052N,Kent Jimenez 
6041N,Sheryl Wade 
4008N,Homer Howell 
3043N,Jerald Long 
5012N,Becky Wolfe 
3015N,Colleen Armstrong 
5013N,Sonia Morales 
7007N,Amos Fleming 
2014N,Orville Ruiz 
5014N,Erin Marshall 
3045N,Charlene Jennings 
1037N,Doyle Payne 
1033N,Alexandra Weber 
2010N,Dan Reyes 
4017N,Ella Hines 
1009N,Essie Castro 
6018N,Lydia Ryan 
1014N,Erik Gross 
3021N,Lula Green 
3046N,Larry Keller 
1031N,Tommie Martin 
2012N,Jared Stevenson 
7010N,Shannon Tate 
7010N,Philip Hogan 
2013N,Boyd Daniel 
5016N,Donnie Rose 
4013N,Lola Powers 
6013N,Aubrey Bell 
6014N,Bertha Palmer 
1016N,Shaun Mason 
5022N,Willard Parsons
